{"stats":{"minecraft:custom":{"minecraft:time_since_rest":63270,"minecraft:sprint_one_cm":49094,"minecraft:damage_taken":76,"minecraft:walk_one_cm":47447,"minecraft:mob_kills":10,"minecraft:drop":2,"minecraft:damage_dealt":1920,"minecraft:fly_one_cm":184679,"minecraft:open_barrel":41,"minecraft:crouch_one_cm":12328,"minecraft:play_time":63270,"minecraft:sneak_time":7097,"minecraft:jump":487,"minecraft:leave_game":3,"minecraft:time_since_death":63270,"minecraft:total_world_time":68668,"minecraft:fall_one_cm":4488},"minecraft:dropped":{"minecraft:obsidian":1,"minecraft:sculk_sensor":1},"minecraft:used":{"minecraft:redstone_torch":9,"minecraft:sticky_piston":15,"minecraft:lever":1,"minecraft:villager_spawn_egg":10,"minecraft:bogged_spawn_egg":2,"minecraft:string":2,"minecraft:slime_block":12,"minecraft:redstone":42,"minecraft:powered_rail":33,"minecraft:netherite_chestplate":1,"minecraft:stone_button":8,"minecraft:netherite_axe":5,"minecraft:tnt_minecart":359,"minecraft:fox_spawn_egg":2,"minecraft:sandstone":144,"minecraft:redstone_block":3,"minecraft:barrel":7,"minecraft:sculk_sensor":8,"minecraft:netherite_boots":2,"minecraft:tripwire_hook":4,"minecraft:mooshroom_spawn_egg":1,"minecraft:diamond_sword":3,"minecraft:repeater":8,"minecraft:target":2,"minecraft:cobblestone":136,"minecraft:comparator":10,"minecraft:netherite_leggings":1,"minecraft:netherite_helmet":1,"minecraft:observer":7,"minecraft:waxed_copper_bulb":8,"minecraft:obsidian":204},"minecraft:killed":{"minecraft:fox":1,"minecraft:villager":9},"minecraft:picked_up":{"minecraft:sandstone":2230,"minecraft:stone_button":3,"minecraft:redstone":3,"minecraft:sculk_sensor":1,"minecraft:redstone_torch":1,"minecraft:obsidian":1}},"DataVersion":3955}